<keymap version="1" name="Default for macOS custom wook" parent="Mac OS X 10.5+">
  <action id="$LRU">
    <keyboard-shortcut first-keystroke="shift meta f3" />
  </action>
  <action id="CodeCompletion">
    <keyboard-shortcut first-keystroke="alt period" />
  </action>
  <action id="Compare.SameVersion">
    <keyboard-shortcut first-keystroke="ctrl meta b" />
  </action>
  <action id="Editor LRU">
    <keyboard-shortcut first-keystroke="shift meta f3" />
  </action>
  <action id="Git.CompareWithBranch">
    <keyboard-shortcut first-keystroke="shift ctrl meta b" />
  </action>
  <action id="SmartTypeCompletion">
    <keyboard-shortcut first-keystroke="shift alt period" />
  </action>
</keymap>